Chamber,PAR
1,414
1,414
1,414
2,478
2,478
2,478
3,526
3,526
3,526
4,528
4,528
4,528
5,484
5,484
5,484
6,428
6,428
6,428
7,407
7,407
7,407
8,467
8,467
8,467
9,508
9,508
9,508
10,515
10,515
10,515
11,482
11,482
11,482
12,425
12,425
12,425
13,369
13,369
13,369
14,439
14,439
14,439
15,477
15,477
15,477
16,479
16,479
16,479
17,438
17,438
17,438
18,382
18,382
18,382